StartDate,EndDate,Status,IPAddress,Progress,Duration (in seconds),Finished,RecordedDate,ResponseId,RecipientLastName,RecipientFirstName,RecipientEmail,ExternalReference,LocationLatitude,LocationLongitude,DistributionChannel,UserLanguage,Q1,Q2,Q3,Q4,Q5,Q6,Q7,Sub Scale 2 _1,Sub Scale 2 _2,Sub Scale 2 _3,Sub Scale 2 _4,Sub Scale 2 _5,Sub Scale 2 _6,Sub Scale 2 _7,Sub Scale 2 _8," _1"," _2"," _3"," _4"," _5"," _6"," _7"," _8",Q8,Q9,Q10,Q11,Q12,Q13,SC0
Start Date,End Date,Response Type,IP Address,Progress,Duration (in seconds),Finished,Recorded Date,Response ID,Recipient Last Name,Recipient First Name,Recipient Email,External Data Reference,Location Latitude,Location Longitude,Distribution Channel,User Language,"On a scale 0 - 10, how physically strong are you for your age? 0 being not strong at all 5 being average strength 10 being extremely above average.",How often do you engage in physical activity? 0 - 7 days a week,How much weight (in lbs) can you bench press for a 1 rep max?,How much weight (in lbs) can you deadlift for a 1 rep max?,How many pull-ups/ chin-ups can you do without taking a break?,How tall are you (in inches)?,How much do you weigh (in lbs)?,Select how strongly you agree or disagree with the statements below. - We should not push for group equality.,Select how strongly you agree or disagree with the statements below. - We shouldn't try to guarantee that every group has the same quality of life.,Select how strongly you agree or disagree with the statements below. - It is unjust to try to make groups equal.,Select how strongly you agree or disagree with the statements below. - Group equality should not be our primary goal.,Select how strongly you agree or disagree with the statements below. - We should work to give all groups an equal chance to succeed.,Select how strongly you agree or disagree with the statements below. - We should do what we can to equalize conditions for different groups.,"Select how strongly you agree or disagree with the statements below. - No matter how much effort it takes, we ought to strive to ensure that all groups have the same chance in life.",Select how strongly you agree or disagree with the statements below. - Group equality should be our ideal.,Select how strongly you agree or disagree with the statements below. - Some groups of people must be kept in their place.,Select how strongly you agree or disagree with the statements below. - It's probably a good thing that certain groups are at the top and other groups are at the bottom.,Select how strongly you agree or disagree with the statements below. - An ideal society requires some groups to be on top and others to be on the bottom.,Select how strongly you agree or disagree with the statements below. - Some groups of people are simply inferior to other groups.,Select how strongly you agree or disagree with the statements below. - Groups at the bottom are just as deserving as groups at the top.,Select how strongly you agree or disagree with the statements below. - No one group should dominate in society.,Select how strongly you agree or disagree with the statements below. - Groups at the bottom should not have to stay in their place.,Select how strongly you agree or disagree with the statements below. - Group dominance is a poor principle.,Sex,Do you identify with any affiliation to the military?,"When it comes to political ideology, which do you consider yourself to identify with?",Which political party would consider yourself apart of?,Which best describes your education level?,Which race best describes you?,Score
"{""ImportId"":""startDate"",""timeZone"":""America/New_York""}","{""ImportId"":""endDate"",""timeZone"":""America/New_York""}","{""ImportId"":""status""}","{""ImportId"":""ipAddress""}","{""ImportId"":""progress""}","{""ImportId"":""duration""}","{""ImportId"":""finished""}","{""ImportId"":""recordedDate"",""timeZone"":""America/New_York""}","{""ImportId"":""_recordId""}","{""ImportId"":""recipientLastName""}","{""ImportId"":""recipientFirstName""}","{""ImportId"":""recipientEmail""}","{""ImportId"":""externalDataReference""}","{""ImportId"":""locationLatitude""}","{""ImportId"":""locationLongitude""}","{""ImportId"":""distributionChannel""}","{""ImportId"":""userLanguage""}","{""ImportId"":""QID23""}","{""ImportId"":""QID24_TEXT""}","{""ImportId"":""QID25_TEXT""}","{""ImportId"":""QID26_TEXT""}","{""ImportId"":""QID27_TEXT""}","{""ImportId"":""QID28_TEXT""}","{""ImportId"":""QID29_TEXT""}","{""ImportId"":""QID4_1""}","{""ImportId"":""QID4_2""}","{""ImportId"":""QID4_3""}","{""ImportId"":""QID4_4""}","{""ImportId"":""QID4_5""}","{""ImportId"":""QID4_6""}","{""ImportId"":""QID4_7""}","{""ImportId"":""QID4_8""}","{""ImportId"":""QID1_1""}","{""ImportId"":""QID1_2""}","{""ImportId"":""QID1_3""}","{""ImportId"":""QID1_4""}","{""ImportId"":""QID1_5""}","{""ImportId"":""QID1_6""}","{""ImportId"":""QID1_7""}","{""ImportId"":""QID1_8""}","{""ImportId"":""QID6""}","{""ImportId"":""QID7""}","{""ImportId"":""QID8""}","{""ImportId"":""QID9""}","{""ImportId"":""QID10""}","{""ImportId"":""QID11""}","{""ImportId"":""SC_206NF1hr1N7bqGa""}"
2023-11-20 18:46:10,2023-11-20 18:50:34,IP Address,65.112.8.53,100,263,True,2023-11-20 18:50:34,R_3fJZjNLjbncxDA5,,,,,42.3737,-71.1284,anonymous,EN,9,6,145,Idk,0,5’6”,175,Strongly Disagree,Strongly Disagree,Slightly Disagree,Slightly Disagree,Strongly Agree,Somewhat Agree,Strongly Agree,Strongly Agree,Strongly Disagree,Strongly Disagree,Slightly Disagree,Strongly Disagree,Strongly Agree,Strongly Agree,Strongly Agree,Strongly Agree,Female,No Military Experience,Liberal,Democrat,"Some college, no degree",White,77
2023-11-20 18:51:20,2023-11-20 18:57:17,IP Address,47.153.9.14,100,356,True,2023-11-20 18:57:17,R_1l5HMN1F34mHb01,,,,,33.5631,-117.2738,anonymous,EN,8,3,215,230,3,73,248,Strongly Agree,Slightly Agree,Neutral,Strongly Agree,Strongly Agree,Somewhat Agree,Somewhat Agree,Slightly Disagree,Somewhat Agree,Somewhat Agree,Strongly Agree,Slightly Agree,Strongly Disagree,Somewhat Agree,Strongly Agree,Slightly Agree,Male,Veteran,Slightly Conservative,Republican,Post Grad,Hispanic or Latino,103
2023-11-20 18:54:34,2023-11-20 18:59:05,IP Address,174.196.206.249,100,270,True,2023-11-20 18:59:06,R_3Gfw2QnQ7dxtmGg,,,,,42.3498,-71.0765,anonymous,EN,6,4,105,N/a,1,67,180,Somewhat Disagree,Slightly Agree,Neutral,Slightly Disagree,Strongly Agree,Slightly Agree,Neutral,,Strongly Disagree,Somewhat Disagree,Somewhat Agree,Slightly Agree,Slightly Disagree,Strongly Agree,Strongly Agree,Neutral,Female,Veteran,Slightly Conservative,Republican,"Some college, no degree",White,76
2023-11-20 18:58:00,2023-11-20 19:01:07,IP Address,166.196.68.99,100,186,True,2023-11-20 19:01:08,R_2tsSc1b4DNxdrLp,,,,,21.3571,-157.9258,anonymous,EN,,6,160,285,15,68,150,Strongly Disagree,Strongly Disagree,Strongly Disagree,Strongly Disagree,Neutral,Strongly Agree,Strongly Agree,Strongly Agree,Strongly Disagree,Strongly Disagree,Neutral,Strongly Disagree,Neutral,Neutral,Strongly Agree,Neutral,Female,Active Duty,Very Conservative,Independent,High school,White,67
2023-11-20 18:53:03,2023-11-20 19:03:09,IP Address,74.67.168.49,100,605,True,2023-11-20 19:03:09,R_1mKoFtG0dKWaBP6,,,,,43.4574,-76.2472,anonymous,EN,8,4,,,3,63,130,Somewhat Agree,Somewhat Disagree,Somewhat Disagree,Slightly Disagree,Somewhat Agree,Somewhat Agree,Slightly Agree,Somewhat Agree,Somewhat Disagree,Slightly Disagree,Strongly Disagree,Neutral,Slightly Agree,Strongly Agree,Strongly Agree,Strongly Agree,Female,Veteran,Slightly Liberal,Democrat,"Some college, no degree",White,80
2023-11-20 19:04:00,2023-11-20 19:11:23,IP Address,24.63.240.7,100,443,True,2023-11-20 19:11:24,R_CjlGOcbCSCtpj5T,,,,,43.2014,-70.8824,anonymous,EN,3,0,,,,,,Somewhat Agree,Somewhat Agree,Slightly Agree,Neutral,Strongly Agree,Slightly Disagree,Somewhat Agree,Somewhat Disagree,Strongly Disagree,Strongly Disagree,Somewhat Disagree,Strongly Disagree,Slightly Disagree,Somewhat Agree,Somewhat Agree,Somewhat Agree,Female,No Military Experience,Slightly Conservative,Republican,Post Grad,White,78
2023-11-20 19:13:38,2023-11-20 19:18:57,IP Address,137.25.101.88,100,318,True,2023-11-20 19:18:57,R_3PvMGx8K1Y2fdGR,,,,,33.9687,-118.037,anonymous,EN,,1,30,40,0,61,175,Slightly Disagree,Slightly Disagree,Somewhat Disagree,Somewhat Disagree,Slightly Agree,Neutral,Neutral,Slightly Disagree,Somewhat Disagree,Strongly Disagree,Strongly Disagree,Strongly Disagree,Somewhat Agree,Strongly Agree,Strongly Agree,Strongly Agree,Female,No Military Experience,Moderate,Democrat,"Some college, no degree",Hispanic or Latino,69
2023-11-20 19:22:40,2023-11-20 19:26:07,IP Address,104.28.85.108,100,207,True,2023-11-20 19:26:08,R_24ugl6UoDOIoVOq,,,,,34.074,-118.2611,anonymous,EN,7,3,250,150,3,73,240,Somewhat Agree,Somewhat Disagree,Strongly Disagree,Somewhat Disagree,Strongly Agree,Strongly Agree,Strongly Agree,Slightly Disagree,Strongly Disagree,Slightly Disagree,Slightly Agree,Strongly Disagree,Strongly Agree,Strongly Agree,Strongly Agree,Strongly Agree,Male,Veteran,Slightly Liberal,Democrat,Post Grad,Hispanic or Latino,85
2023-11-20 19:19:46,2023-11-20 19:26:17,IP Address,174.218.67.111,100,391,True,2023-11-20 19:26:18,R_UscdiaS0AQSkunT,,,,,34.0447,-118.2946,anonymous,EN,8,6 days,315 lbs,450,Five,5’11”,"255 ",Somewhat Disagree,Strongly Disagree,Strongly Disagree,Strongly Disagree,Strongly Agree,Strongly Agree,Strongly Agree,Strongly Agree,Somewhat Agree,Somewhat Agree,Slightly Disagree,Strongly Disagree,Strongly Agree,Somewhat Disagree,Strongly Agree,Strongly Agree,Male,Veteran,Moderate,Democrat,2 year degree,Hispanic or Latino,84
2023-11-20 19:24:39,2023-11-20 19:27:30,IP Address,76.50.165.226,100,171,True,2023-11-20 19:27:31,R_1IGwQTGT6F9bfbw,,,,,33.7568,-117.7938,anonymous,EN,,0,150,245,0,5’2in,225,Strongly Disagree,Strongly Disagree,Strongly Disagree,Strongly Disagree,Strongly Agree,Strongly Agree,Strongly Agree,Strongly Agree,Slightly Disagree,Slightly Disagree,Somewhat Disagree,Somewhat Agree,Strongly Agree,Strongly Agree,Slightly Agree,Somewhat Disagree,Female,No Military Experience,Moderate,Independent,4 year degree,Hispanic or Latino,80
2023-11-20 19:25:45,2023-11-20 19:30:17,IP Address,98.203.79.57,100,272,True,2023-11-20 19:30:18,R_3s67OmH8dGcQfuQ,,,,,25.9972,-80.3259,anonymous,EN,5,3,,,,,,Neutral,Neutral,Slightly Agree,Slightly Agree,Somewhat Agree,Somewhat Disagree,Somewhat Disagree,Neutral,Strongly Disagree,Strongly Disagree,Strongly Disagree,Strongly Disagree,Somewhat Agree,Somewhat Agree,Strongly Agree,Slightly Agree,Female,No Military Experience,Slightly Conservative,Republican,2 year degree,Hispanic or Latino,73
2023-11-20 19:28:11,2023-11-20 19:33:24,IP Address,69.234.71.3,100,313,True,2023-11-20 19:33:25,R_2WGoU8HjLxil5HG,,,,,35.2227,-80.7938,anonymous,EN,5,0,,,0,5’4,,Strongly Disagree,Strongly Disagree,Strongly Disagree,Strongly Disagree,Strongly Agree,Strongly Agree,Strongly Agree,Strongly Disagree,Strongly Disagree,Strongly Disagree,Strongly Disagree,Strongly Disagree,Somewhat Agree,Strongly Agree,Strongly Agree,Somewhat Agree,Female,No Military Experience,Slightly Liberal,Independent,4 year degree,Hispanic or Latino,67
2023-11-20 19:28:58,2023-11-20 19:36:01,IP Address,69.234.71.3,100,423,True,2023-11-20 19:36:02,R_3O00NnswXHVAoNO,,,,,35.2227,-80.7938,anonymous,EN,7,5,100,200,0,73,273,Slightly Disagree,Slightly Disagree,Slightly Disagree,Somewhat Disagree,Somewhat Agree,Slightly Agree,Strongly Agree,Somewhat Agree,Slightly Disagree,Somewhat Disagree,Somewhat Disagree,Slightly Disagree,Somewhat Agree,Slightly Agree,Slightly Agree,Somewhat Disagree,Male,No Military Experience,Slightly Liberal,Independent,Did NOT graduate high school,Hispanic or Latino,69
2023-11-20 19:36:55,2023-11-20 19:40:38,IP Address,216.147.123.23,100,223,True,2023-11-20 19:40:38,R_3oA6tNYHS93N8Mp,,,,,39.7388,-104.9868,anonymous,EN,8,5,315,395,20,72,205,Slightly Agree,Slightly Agree,Slightly Agree,Somewhat Agree,Strongly Agree,Slightly Agree,Somewhat Agree,Slightly Disagree,Strongly Disagree,Somewhat Disagree,Somewhat Agree,Somewhat Disagree,Strongly Agree,Strongly Agree,Strongly Agree,Strongly Agree,Male,Veteran,Slightly Conservative,Republican,Post Grad,White,94
2023-11-20 19:46:43,2023-11-20 19:50:40,IP Address,47.150.139.253,100,237,True,2023-11-20 19:50:41,R_2w1cwFyQtRnGqFx,,,,,34.4179,-117.3064,anonymous,EN,7,7,315,305,18,67,185,Strongly Disagree,Strongly Disagree,Strongly Disagree,Strongly Disagree,Strongly Agree,Strongly Agree,Strongly Agree,Strongly Agree,Strongly Disagree,Strongly Disagree,Neutral,Strongly Disagree,Neutral,Neutral,Neutral,Neutral,Male,Veteran,Very Conservative,Republican,4 year degree,Hispanic or Latino,70
2023-11-20 20:03:17,2023-11-20 20:14:53,IP Address,174.243.177.133,100,695,True,2023-11-20 20:14:53,R_1f2GNct3RkRkZNP,,,,,34.0772,-117.4506,anonymous,EN,6,5,I don't know,I don't know,2,"5'4""",130,Neutral,Neutral,Neutral,Neutral,Strongly Agree,Neutral,Neutral,Slightly Disagree,Neutral,Strongly Disagree,Strongly Disagree,Strongly Disagree,Strongly Agree,Neutral,Strongly Agree,Strongly Agree,Female,No Military Experience,Slightly Conservative,Independent,"Some college, no degree",Hispanic or Latino,78
2023-11-20 20:06:34,2023-11-20 20:22:12,IP Address,136.33.220.235,100,937,True,2023-11-20 20:22:12,R_a4uuemFJtsAask9,,,,,38.8715,-94.7713,anonymous,EN,9,3,200,200,5,68,180,Somewhat Agree,Somewhat Agree,Somewhat Agree,Somewhat Disagree,Strongly Agree,Somewhat Agree,Strongly Agree,Somewhat Agree,Strongly Disagree,Strongly Disagree,Strongly Disagree,Strongly Disagree,Somewhat Agree,Strongly Agree,Strongly Agree,Strongly Agree,Male,Veteran,Moderate,Independent,Post Grad,Hispanic or Latino,91
2023-11-20 20:19:49,2023-11-20 20:23:34,IP Address,172.56.232.49,100,224,True,2023-11-20 20:23:35,R_vPQpnCkF0DuPhhT,,,,,34.024,-118.1965,anonymous,EN,5,1,45,60,0,66,230,Neutral,Neutral,Slightly Disagree,Slightly Disagree,Slightly Agree,Slightly Agree,Slightly Agree,Somewhat Agree,Slightly Disagree,Slightly Disagree,Slightly Agree,Slightly Disagree,Slightly Agree,Somewhat Agree,Slightly Agree,Neutral,Female,No Military Experience,Slightly Conservative,Republican,"Some college, no degree",Hispanic or Latino,81
2023-11-20 20:29:37,2023-11-20 20:32:28,IP Address,174.172.78.131,100,171,True,2023-11-20 20:32:29,R_2samMGYe4Pt3sUW,,,,,38.8579,-77.0602,anonymous,EN,,7,50,50,1,5’6”,120,Strongly Disagree,Strongly Disagree,Strongly Disagree,Somewhat Disagree,Strongly Agree,Strongly Agree,Somewhat Agree,Strongly Agree,Strongly Disagree,Strongly Disagree,Strongly Disagree,Strongly Disagree,Strongly Agree,Strongly Agree,Strongly Agree,Strongly Agree,Female,No Military Experience,Slightly Liberal,Democrat,Post Grad,White,74
2023-11-20 20:33:20,2023-11-20 20:37:00,IP Address,104.33.240.224,100,219,True,2023-11-20 20:37:01,R_1DOl0lXBxb4DXnf,,,,,33.9263,-118.0034,anonymous,EN,,3,,,,,,Strongly Disagree,Strongly Disagree,Neutral,Neutral,Neutral,Somewhat Agree,Strongly Agree,Neutral,Strongly Agree,Strongly Agree,Strongly Agree,Neutral,Strongly Agree,Strongly Agree,Strongly Agree,Neutral,Female,No Military Experience,Slightly Conservative,Republican,"Some college, no degree",Hispanic or Latino,93
2023-11-20 20:49:09,2023-11-20 20:54:42,IP Address,172.56.153.218,100,333,True,2023-11-20 20:54:43,R_Or1v8UmO0BGeJtT,,,,,45.5375,-122.5989,anonymous,EN,8,4,245,425,20+,67,150,Strongly Agree,Strongly Agree,Neutral,Strongly Agree,Strongly Agree,Strongly Agree,Strongly Agree,Strongly Disagree,Strongly Disagree,Strongly Disagree,Strongly Agree,Strongly Disagree,Strongly Disagree,Strongly Agree,Strongly Agree,Neutral,Male,Veteran,Very Conservative,Republican,"Some college, no degree",White,87
2023-11-20 20:59:14,2023-11-20 21:07:15,IP Address,107.123.49.84,100,480,True,2023-11-20 21:07:15,R_8BRIek2fifIoCUV,,,,,40.8343,-73.9235,anonymous,EN,6,5,105,125,3,66,180,Neutral,Slightly Disagree,Neutral,Slightly Agree,Somewhat Agree,Somewhat Agree,Slightly Agree,Slightly Agree,Slightly Agree,Neutral,Slightly Disagree,Somewhat Agree,Slightly Agree,Somewhat Agree,Slightly Agree,Slightly Agree,Male,Veteran,Slightly Conservative,Independent,Post Grad,Asian,93
2023-11-20 21:33:49,2023-11-20 21:38:40,IP Address,104.28.85.225,100,290,True,2023-11-20 21:38:41,R_1JXgPFgdwGack5F,,,,,33.745,-117.875,anonymous,EN,7,4,145,Not sure,14,66,130,Slightly Agree,Somewhat Disagree,Slightly Agree,Slightly Agree,Somewhat Agree,Somewhat Agree,Slightly Agree,Neutral,Strongly Disagree,Strongly Disagree,Slightly Disagree,Strongly Disagree,Slightly Agree,Somewhat Agree,Strongly Agree,Somewhat Agree,Male,No Military Experience,Slightly Conservative,Independent,4 year degree,Asian,82
2023-11-20 21:34:24,2023-11-20 21:55:38,IP Address,47.144.208.200,100,1274,True,2023-11-20 21:55:39,R_1Hq7OGEi5dAvm9b,,,,,33.5674,-117.1758,anonymous,EN,,4,335,635,19,73,248,Slightly Agree,Strongly Disagree,Neutral,Neutral,Strongly Disagree,Neutral,Strongly Disagree,Strongly Disagree,Strongly Disagree,Strongly Disagree,Slightly Agree,Strongly Disagree,Neutral,Neutral,Neutral,Neutral,Male,Active Duty,Moderate,Independent,"Some college, no degree",Hispanic or Latino,57
2023-11-20 21:57:16,2023-11-20 22:00:55,IP Address,68.131.9.231,100,218,True,2023-11-20 22:00:55,R_UMWxGEiemFMnZ3H,,,,,37.11,-76.5115,anonymous,EN,5,2,?,?,1,64inches,120lbs,Strongly Disagree,Strongly Disagree,Somewhat Disagree,Somewhat Disagree,Strongly Agree,Strongly Agree,Strongly Agree,Strongly Agree,Neutral,Somewhat Disagree,Somewhat Disagree,Strongly Disagree,Strongly Agree,Strongly Agree,Neutral,Somewhat Agree,Female,No Military Experience,Liberal,Democrat,4 year degree,Hispanic or Latino,79
2023-11-20 20:24:36,2023-11-20 22:22:47,IP Address,45.26.21.185,100,7091,True,2023-11-20 22:22:48,R_1JFa8fSCnrKvJKn,,,,,38.8253,-97.6389,anonymous,EN,4,1,,,,,,Somewhat Disagree,Neutral,Slightly Agree,Slightly Agree,Strongly Agree,Neutral,Somewhat Disagree,Slightly Disagree,Strongly Disagree,Neutral,Neutral,Strongly Disagree,Neutral,Neutral,Neutral,Neutral,Male,Veteran,Moderate,Independent,Post Grad,Hispanic or Latino,72
2023-11-20 22:27:04,2023-11-20 22:36:41,IP Address,74.117.38.3,100,577,True,2023-11-20 22:36:42,R_1kY6zhq1fLtKhJj,,,,,36.1281,-109.607,anonymous,EN,,7 days,185,315,8,72,224,Strongly Agree,Strongly Agree,Strongly Agree,Neutral,Slightly Disagree,Neutral,Somewhat Agree,Neutral,Neutral,Neutral,Somewhat Disagree,Slightly Disagree,Strongly Agree,Strongly Agree,Strongly Agree,Somewhat Agree,Male,Veteran,Moderate,Democrat,High school,Other,97
2023-11-20 23:02:47,2023-11-20 23:07:23,IP Address,12.198.115.227,100,276,True,2023-11-20 23:07:24,R_SBsf7sXqUV2yv0l,,,,,47.1112,-122.5897,anonymous,EN,,7,225,325,15,70,176,Neutral,Neutral,Somewhat Disagree,Neutral,Slightly Disagree,Slightly Agree,Somewhat Agree,Neutral,Slightly Agree,Neutral,Strongly Agree,Strongly Disagree,Strongly Disagree,Slightly Agree,Somewhat Agree,Neutral,Male,Active Duty,Moderate,Independent,4 year degree,White,77
2023-11-21 00:43:46,2023-11-21 00:48:51,IP Address,76.39.21.101,100,305,True,2023-11-21 00:48:52,R_2PtaljiG9SekGPq,,,,,21.4082,-157.7396,anonymous,EN,6,4 days a week,90lbs,200lbs,10,5’5”,120lbs,Slightly Agree,Somewhat Disagree,Slightly Disagree,Slightly Agree,Slightly Agree,Strongly Disagree,Strongly Disagree,Slightly Agree,Strongly Disagree,Slightly Disagree,Strongly Agree,Strongly Disagree,Slightly Disagree,Somewhat Agree,Strongly Agree,Strongly Agree,Female,Active Duty,Slightly Conservative,Republican,2 year degree,White,75
2023-11-20 21:21:49,2023-11-21 02:44:35,IP Address,45.51.209.102,100,19366,True,2023-11-21 02:44:36,R_1U1giMPn2Zw7AMF,,,,,33.6056,-117.2662,anonymous,EN,7,4,65lb,95lb,none,5’4,161,Neutral,Neutral,Slightly Agree,Somewhat Agree,Slightly Agree,Slightly Agree,Somewhat Agree,Somewhat Agree,Somewhat Disagree,Slightly Disagree,Neutral,Slightly Agree,Somewhat Agree,Somewhat Agree,Somewhat Agree,Somewhat Disagree,Female,No Military Experience,,Democrat,,,76
2023-11-21 06:05:55,2023-11-21 06:18:00,IP Address,73.57.38.104,100,725,True,2023-11-21 06:18:01,R_2sRycjZz2xVibzc,,,,,24.5615,-81.7818,anonymous,EN,7,5,20,20,0,5'2,210,Slightly Disagree,Strongly Agree,Somewhat Agree,Somewhat Agree,Strongly Agree,Somewhat Agree,Slightly Agree,Slightly Disagree,Neutral,Somewhat Agree,Strongly Agree,Strongly Disagree,Slightly Disagree,Strongly Agree,Strongly Agree,Slightly Agree,Female,No Military Experience,Moderate,Independent,4 year degree,Hispanic or Latino,96
2023-11-21 08:16:03,2023-11-21 08:22:33,IP Address,67.134.205.17,100,389,True,2023-11-21 08:22:34,R_2whn1cyZ82KL3W4,,,,,42.3737,-71.1284,anonymous,EN,6,3 days a week,0,0,0,64 inches,150,Strongly Disagree,Strongly Agree,Neutral,Slightly Disagree,Somewhat Agree,Somewhat Agree,Somewhat Agree,Somewhat Agree,Slightly Agree,Neutral,Slightly Agree,Neutral,Neutral,Slightly Disagree,Slightly Agree,Slightly Disagree,Female,Veteran,Moderate,Independent,"Some college, no degree",Hispanic or Latino,84
2023-11-21 09:13:25,2023-11-21 09:21:32,IP Address,107.143.92.95,100,487,True,2023-11-21 09:21:33,R_3fBrxE1NfSwTlYf,,,,,25.7703,-80.2072,anonymous,EN,5,every other day,80 pounds,60 pounds,35,"5' 8""",200 pounds,Strongly Agree,Strongly Agree,Strongly Agree,Strongly Agree,Strongly Agree,Somewhat Agree,Strongly Agree,Strongly Disagree,Strongly Disagree,Strongly Disagree,Strongly Disagree,Strongly Disagree,Strongly Agree,Strongly Agree,Strongly Agree,Strongly Agree,Male,Veteran,Slightly Conservative,Independent,High school,Mixed,96
2023-11-21 09:41:21,2023-11-21 09:46:14,IP Address,98.203.79.57,100,292,True,2023-11-21 09:46:15,R_3Dc3zZWRCt3VZxX,,,,,25.9972,-80.3259,anonymous,EN,5,4,,,,"69""",210,Slightly Agree,Somewhat Disagree,Strongly Agree,Slightly Agree,Strongly Agree,Strongly Agree,Strongly Agree,Strongly Agree,Strongly Disagree,Strongly Disagree,Strongly Disagree,Strongly Disagree,Strongly Agree,Slightly Disagree,Strongly Agree,Slightly Agree,Male,No Military Experience,Slightly Conservative,Republican,4 year degree,Hispanic or Latino,86
2023-11-21 10:06:07,2023-11-21 10:09:48,IP Address,45.51.209.102,100,221,True,2023-11-21 10:09:49,R_VU0jdoITdNoQ7AJ,,,,,33.6056,-117.2662,anonymous,EN,7,5,225,360,7,71The two hands,200,Slightly Disagree,Somewhat Disagree,Somewhat Disagree,Slightly Agree,Somewhat Agree,Somewhat Agree,Slightly Agree,Somewhat Agree,Neutral,Somewhat Disagree,Somewhat Disagree,Slightly Disagree,Slightly Agree,Slightly Agree,Slightly Agree,Somewhat Agree,Male,Veteran,Moderate,Democrat,"Some college, no degree",Hispanic or Latino,78
2023-11-21 10:02:51,2023-11-21 10:11:48,IP Address,47.156.25.57,100,536,True,2023-11-21 10:11:48,R_1KeGBrlIjJwk6yp,,,,,33.6056,-117.2662,anonymous,EN,5,7,,,,"63 ",120,Slightly Agree,Strongly Agree,Slightly Agree,Strongly Agree,Strongly Agree,Strongly Agree,Strongly Agree,Somewhat Agree,Strongly Agree,Slightly Disagree,Slightly Disagree,Strongly Disagree,Slightly Agree,Slightly Agree,Slightly Disagree,Somewhat Disagree,Female,No Military Experience,Slightly Conservative,Independent,"Some college, no degree",Hispanic or Latino,92
2023-11-21 10:15:33,2023-11-21 10:19:32,IP Address,104.33.240.224,100,238,True,2023-11-21 10:19:33,R_1et0AewkyovaN15,,,,,33.9263,-118.0034,anonymous,EN,,3,250 lbs,350 lbs,5,5’-9”,215 lbs,Strongly Agree,Neutral,Neutral,Strongly Agree,Strongly Agree,Strongly Agree,Strongly Agree,Neutral,Neutral,Neutral,Strongly Disagree,Strongly Disagree,Strongly Agree,Strongly Agree,Strongly Agree,Neutral,Male,No Military Experience,Slightly Conservative,Republican,4 year degree,Hispanic or Latino,95
2023-11-20 20:59:49,2023-11-21 10:43:46,IP Address,47.153.9.14,100,49437,True,2023-11-21 10:43:47,R_2tJ5K2O6vlQb39D,,,,,33.5631,-117.2738,anonymous,EN,,2,"Don’t know ",Don’t jnow,0,5’3,203,Strongly Agree,Strongly Agree,Neutral,Strongly Agree,Strongly Agree,Neutral,Somewhat Agree,Strongly Disagree,Strongly Agree,Somewhat Agree,Somewhat Agree,Strongly Agree,Strongly Disagree,Strongly Disagree,Somewhat Agree,Neutral,Female,No Military Experience,Slightly Conservative,Republican,2 year degree,Hispanic or Latino,94
2023-11-20 23:49:13,2023-11-21 13:55:11,IP Address,70.92.44.130,100,50757,True,2023-11-21 13:55:12,R_1po05Kd1FnhUAFK,,,,,32.988,-96.6884,anonymous,EN,,2,40,,,,,Strongly Disagree,Strongly Agree,Strongly Disagree,Strongly Disagree,Strongly Agree,Strongly Agree,Strongly Agree,Strongly Agree,Strongly Disagree,Strongly Disagree,Strongly Disagree,Somewhat Agree,Strongly Agree,Somewhat Agree,Strongly Agree,Strongly Disagree,Female,Veteran,Moderate,Democrat,4 year degree,Hispanic or Latino,82
2023-11-21 14:01:52,2023-11-21 14:04:19,IP Address,70.236.194.45,100,146,True,2023-11-21 14:04:20,R_9EMK1I1HXABbIFH,,,,,33.1371,-96.7488,anonymous,EN,6,0,135,100,1,72,205,Neutral,Neutral,Neutral,Neutral,Neutral,Neutral,Neutral,Neutral,Strongly Disagree,Strongly Disagree,Strongly Disagree,Strongly Disagree,Strongly Agree,Strongly Agree,Strongly Agree,Strongly Agree,Male,Veteran,Moderate,Independent,Post Grad,White,76
2023-11-21 14:54:43,2023-11-21 15:00:32,IP Address,75.144.192.25,100,349,True,2023-11-21 15:00:33,R_2WVyprkJCVqxTEP,,,,,41.4568,-72.8245,anonymous,EN,,5,275,400,12,69,200,Slightly Disagree,Neutral,Slightly Agree,Neutral,Strongly Agree,Slightly Agree,Slightly Agree,Slightly Agree,Strongly Disagree,Strongly Disagree,Strongly Disagree,Strongly Disagree,Neutral,Somewhat Agree,Strongly Agree,Strongly Agree,Male,Veteran,Moderate,Independent,2 year degree,White,76
2023-11-21 15:25:24,2023-11-21 15:33:04,IP Address,99.178.86.145,100,459,True,2023-11-21 15:33:05,R_3j8xZ6pIEfip08G,,,,,32.5817,-97.1399,anonymous,EN,,4,60,60,3,5’3”,173,Strongly Disagree,Strongly Disagree,Strongly Disagree,Somewhat Disagree,Strongly Agree,Strongly Agree,Strongly Agree,Strongly Agree,Somewhat Disagree,Strongly Disagree,Somewhat Disagree,Strongly Disagree,Strongly Agree,Strongly Agree,Strongly Agree,Strongly Agree,Female,No Military Experience,Moderate,Democrat,4 year degree,Hispanic or Latino,80
2023-11-21 15:23:03,2023-11-21 15:34:08,IP Address,174.193.132.239,100,665,True,2023-11-21 15:34:09,R_2wakgjmbdSa31W2,,,,,34.0614,-118.3072,anonymous,EN,6,3,Not sure,Not sure,3,71,195,Neutral,Slightly Agree,Slightly Agree,Somewhat Agree,Somewhat Agree,Somewhat Agree,Somewhat Disagree,Somewhat Disagree,Strongly Disagree,Strongly Disagree,Neutral,Strongly Disagree,Somewhat Agree,Somewhat Agree,Somewhat Agree,Strongly Agree,Male,No Military Experience,Slightly Conservative,Independent,High school,Hispanic or Latino,78
2023-11-21 16:57:41,2023-11-21 17:03:04,IP Address,71.138.169.115,100,322,True,2023-11-21 17:03:04,R_31mcy2Y6YC48nOs,,,,,29.3959,-98.4761,anonymous,EN,5,2,50,80,0,5 ft 8 in,287,Strongly Disagree,Strongly Disagree,Strongly Disagree,Somewhat Disagree,Strongly Agree,Strongly Agree,Strongly Agree,Strongly Agree,Strongly Disagree,Strongly Disagree,Strongly Disagree,Slightly Agree,Strongly Agree,Strongly Agree,Strongly Agree,Strongly Agree,Male,No Military Experience,Liberal,Democrat,Post Grad,Hispanic or Latino,81
2023-11-21 17:01:24,2023-11-21 17:06:24,IP Address,216.49.225.202,100,300,True,2023-11-21 17:06:25,R_1rDQaQtzm5rdw8f,,,,,37.5103,-94.8599,anonymous,EN,5,2,205,235,8,74,232,Slightly Disagree,Somewhat Agree,Slightly Agree,Strongly Agree,Slightly Agree,Slightly Agree,Slightly Disagree,Slightly Disagree,Somewhat Disagree,Somewhat Disagree,Slightly Agree,Slightly Disagree,Slightly Disagree,Somewhat Agree,Somewhat Agree,Slightly Disagree,Male,No Military Experience,Moderate,Independent,Post Grad,White,78
2023-11-21 17:09:41,2023-11-21 17:13:44,IP Address,104.28.97.22,100,243,True,2023-11-21 17:13:45,R_XoIxz0QDiO9ZSy5,,,,,32.7616,-97.1816,anonymous,EN,6,3,220,300,3,70,,Strongly Agree,Strongly Agree,Strongly Agree,Strongly Agree,Strongly Disagree,Strongly Disagree,Strongly Disagree,Strongly Disagree,Strongly Disagree,Strongly Disagree,Strongly Disagree,Strongly Disagree,Strongly Disagree,Strongly Agree,Neutral,Strongly Agree,Male,Veteran,Slightly Conservative,Republican,Post Grad,,67
2023-11-21 18:40:14,2023-11-21 18:43:30,IP Address,47.201.145.10,100,196,True,2023-11-21 18:43:31,R_2CvN9kTZ7fH6CiW,,,,,28.1412,-82.5931,anonymous,EN,,5,285,300,25,72,200,Strongly Agree,Strongly Agree,Somewhat Agree,Somewhat Agree,Strongly Agree,Slightly Disagree,Strongly Agree,Somewhat Disagree,Strongly Disagree,Strongly Disagree,Strongly Disagree,Strongly Disagree,Strongly Agree,Strongly Agree,Strongly Agree,Strongly Agree,,No Military Experience,Moderate,Independent,4 year degree,White,87
2023-11-21 20:30:07,2023-11-21 20:35:51,IP Address,99.76.237.122,100,343,True,2023-11-21 20:35:52,R_3kLdiKkkPkoo7F4,,,,,29.3627,-98.4886,anonymous,EN,6,7,150,50,0,70”,178,Neutral,Strongly Agree,Strongly Agree,Neutral,Strongly Agree,Neutral,Slightly Agree,Neutral,Strongly Disagree,Strongly Disagree,Strongly Disagree,Strongly Disagree,Strongly Agree,Strongly Agree,Strongly Disagree,Strongly Agree,Male,No Military Experience,Moderate,Democrat,4 year degree,Hispanic or Latino,80
2023-11-21 22:09:38,2023-11-21 22:15:14,IP Address,47.156.25.57,100,335,True,2023-11-21 22:15:15,R_2419sL15Xeqcf2q,,,,,33.6056,-117.2662,anonymous,EN,8,7,225,Idk bro,10,70,170,Somewhat Disagree,Slightly Disagree,Somewhat Disagree,Somewhat Disagree,Strongly Agree,Somewhat Agree,Strongly Agree,Strongly Agree,Somewhat Agree,Somewhat Disagree,Slightly Disagree,Strongly Disagree,Somewhat Agree,Slightly Agree,Slightly Agree,Slightly Agree,Male,Veteran,Moderate,Republican,2 year degree,Hispanic or Latino,81
2023-11-21 22:39:10,2023-11-21 22:47:36,IP Address,70.117.198.235,100,505,True,2023-11-21 22:47:36,R_r9dhOXNpPHoCb8R,,,,,26.2148,-98.231,anonymous,EN,,,,,,,,Slightly Disagree,Slightly Disagree,Slightly Disagree,Neutral,Somewhat Agree,Strongly Agree,Somewhat Agree,Neutral,Strongly Disagree,Strongly Disagree,Somewhat Disagree,Strongly Disagree,Somewhat Agree,Somewhat Agree,Strongly Agree,Somewhat Agree,Female,No Military Experience,Moderate,,Post Grad,Hispanic or Latino,80
2023-11-22 15:39:24,2023-11-22 15:43:05,IP Address,104.33.240.224,100,221,True,2023-11-22 15:43:06,R_3GdB6wV1IupFGbU,,,,,33.9263,-118.0034,anonymous,EN,8,"5 days ","No idea ",300+lbs,None,5'2,"No idea ",Neutral,Strongly Agree,Somewhat Agree,Somewhat Disagree,Strongly Agree,Strongly Agree,Strongly Agree,Neutral,Somewhat Disagree,Strongly Disagree,Strongly Disagree,Neutral,Strongly Agree,Strongly Agree,Strongly Agree,Strongly Agree,Female,No Military Experience,Slightly Liberal,Independent,2 year degree,Hispanic or Latino,90
2023-11-23 22:52:32,2023-11-23 22:55:20,IP Address,73.115.69.132,100,168,True,2023-11-23 22:55:20,R_2fBYXHKQDcgOQnK,,,,,29.7545,-95.4093,anonymous,EN,,2,50,110,0,65,180,Strongly Disagree,Strongly Agree,Strongly Disagree,Neutral,Strongly Agree,Strongly Agree,Strongly Agree,Somewhat Agree,Strongly Disagree,Strongly Disagree,Slightly Disagree,Strongly Disagree,Strongly Agree,Strongly Agree,Strongly Agree,Strongly Agree,Female,No Military Experience,Very Liberal,Democrat,4 year degree,Black or African American,83
2023-11-23 22:54:07,2023-11-23 23:00:31,IP Address,76.149.89.100,100,383,True,2023-11-23 23:00:32,R_1IyDGHRmTRkWtcq,,,,,38.581,-121.4939,anonymous,EN,7,5,175,315,16,71,175,Strongly Disagree,Somewhat Agree,Somewhat Disagree,Slightly Agree,Strongly Agree,Strongly Agree,Slightly Disagree,Slightly Agree,Strongly Disagree,Neutral,Slightly Disagree,Strongly Disagree,Strongly Disagree,Strongly Agree,Strongly Agree,Slightly Agree,Male,Veteran,Moderate,Independent,"Some college, no degree",White,74
2023-11-26 20:19:00,2023-11-26 20:23:32,IP Address,172.56.196.198,100,271,True,2023-11-26 20:23:33,R_CfziTRUXZ3OqmHf,,,,,42.415,-71.0527,anonymous,EN,4,5,60,115,0,5’5,145,Neutral,Somewhat Disagree,Slightly Agree,Somewhat Agree,Strongly Agree,Somewhat Agree,Somewhat Agree,Somewhat Disagree,Neutral,Strongly Disagree,Strongly Disagree,Strongly Disagree,Strongly Agree,Strongly Agree,Strongly Agree,Strongly Agree,Female,No Military Experience,Moderate,Independent,High school,Black or African American,82
2023-11-26 20:42:19,2023-11-26 20:45:56,IP Address,73.167.118.40,100,217,True,2023-11-26 20:45:56,R_1FzwMZqFVYfx3qT,,,,,42.3649,-71.0987,anonymous,EN,5,0,50,70,0,62,140,Somewhat Disagree,Strongly Disagree,Somewhat Disagree,Slightly Agree,Strongly Agree,Slightly Agree,Somewhat Agree,Slightly Agree,Somewhat Disagree,Strongly Disagree,Strongly Disagree,Strongly Disagree,Strongly Disagree,Strongly Agree,Strongly Agree,Strongly Agree,Female,No Military Experience,Liberal,Democrat,"Some college, no degree",Black or African American,69
2023-11-26 23:39:24,2023-11-26 23:41:48,IP Address,65.112.8.28,100,144,True,2023-11-26 23:41:50,R_2tyWUCXgkBBETLi,,,,,42.3737,-71.1284,anonymous,EN,6,4,100,100,1,66,170,Somewhat Disagree,Slightly Agree,Slightly Agree,Slightly Agree,Somewhat Agree,Somewhat Agree,Slightly Disagree,Slightly Disagree,Strongly Disagree,Slightly Disagree,Somewhat Agree,Somewhat Agree,Somewhat Disagree,Somewhat Agree,Somewhat Agree,Slightly Disagree,Female,No Military Experience,Moderate,Republican,"Some college, no degree",Hispanic or Latino,79
2023-11-27 08:34:20,2023-11-27 08:43:33,IP Address,65.112.8.28,100,552,True,2023-11-27 08:43:34,R_bQ9A7JVQgFmSb7j,,,,,42.3737,-71.1284,anonymous,EN,9,6,160,"I don’t know ",About 25,70,176,Somewhat Disagree,Slightly Disagree,Somewhat Disagree,Slightly Disagree,Somewhat Agree,Somewhat Agree,Somewhat Agree,Somewhat Agree,Neutral,Slightly Disagree,Neutral,Slightly Disagree,Neutral,Neutral,Neutral,Neutral,Female,No Military Experience,Liberal,Independent,High school,Black or African American,72
2023-11-27 13:51:24,2023-11-27 13:55:13,IP Address,166.199.151.106,100,229,True,2023-11-27 13:55:14,R_qztuercB8DopXpL,,,,,34.0003,-118.2978,anonymous,EN,5,5,95,225,1,70,158,Neutral,Neutral,Neutral,Neutral,Neutral,Neutral,Neutral,Neutral,Neutral,Neutral,Slightly Agree,Slightly Agree,Neutral,Neutral,Neutral,Neutral,Female,Veteran,Slightly Conservative,Independent,"Some college, no degree",White,77
2023-11-20 18:52:41,2023-11-20 18:57:07,IP Address,200.85.103.140,47,265,False,2023-11-27 18:57:08,R_01UKCgbwBE39BnP,,,,,,,anonymous,EN,7,4,110,225,1,67,190,,,,,,,,,,,,,,,,,,,,,,,
2023-11-20 19:20:23,2023-11-20 19:22:37,IP Address,174.243.248.111,53,133,False,2023-11-27 19:22:38,R_BRrAcLC7aQz6HCx,,,,,,,anonymous,EN,,,,,,,,Neutral,Somewhat Agree,Somewhat Disagree,Slightly Agree,Strongly Agree,Somewhat Agree,,,,,,,,,,,Female,No Military Experience,Moderate,Republican,High school,Hispanic or Latino,40
2023-11-27 21:10:17,2023-11-27 21:14:33,IP Address,172.59.137.255,100,255,True,2023-11-27 21:14:33,R_0N8yQtcTk6MoWzv,,,,,40.4339,-79.9996,anonymous,EN,,6,265,445,At least 23 ;),69,185,Neutral,Slightly Agree,Neutral,Strongly Agree,Neutral,Neutral,Neutral,Somewhat Disagree,Neutral,Slightly Disagree,Neutral,Somewhat Disagree,Somewhat Agree,Slightly Disagree,Slightly Agree,Slightly Agree,Male,Veteran,Moderate,Independent,"Some college, no degree",White,75
2023-11-27 21:12:48,2023-11-27 21:16:45,IP Address,65.112.8.25,100,237,True,2023-11-27 21:16:46,R_2Vxcb4Z0AOQB5M2,,,,,42.3737,-71.1284,anonymous,EN,4,2,120,190,6,67,120,Slightly Agree,Slightly Agree,Slightly Agree,Somewhat Disagree,Strongly Agree,Somewhat Agree,Strongly Agree,Somewhat Agree,Strongly Disagree,Strongly Disagree,Somewhat Disagree,Strongly Disagree,Strongly Agree,Strongly Agree,Strongly Agree,Somewhat Agree,Male,No Military Experience,Slightly Conservative,Independent,"Some college, no degree",Hispanic or Latino,86
2023-11-27 21:15:36,2023-11-27 21:19:40,IP Address,107.127.28.31,100,244,True,2023-11-27 21:19:41,R_2z6fL6DJsEKpAgH,,,,,28.3939,-81.4216,anonymous,EN,,6-7 days,130,150,8,69,147,Slightly Agree,Somewhat Disagree,Slightly Agree,Slightly Disagree,Strongly Agree,Slightly Disagree,Slightly Disagree,Neutral,Strongly Agree,Slightly Disagree,Somewhat Disagree,Slightly Disagree,Somewhat Disagree,Somewhat Agree,Slightly Disagree,Somewhat Disagree,Female,Veteran,Slightly Conservative,Republican,2 year degree,White,72
2023-11-27 21:18:41,2023-11-27 21:20:56,IP Address,98.229.200.23,100,134,True,2023-11-27 21:20:57,R_3eFYcF4SwJPdhW9,,,,,42.3649,-71.0987,anonymous,EN,,5,225,275,3,6’0,199,Strongly Disagree,Strongly Disagree,Strongly Disagree,Strongly Disagree,Strongly Agree,Strongly Agree,Strongly Agree,Strongly Agree,Strongly Disagree,Strongly Disagree,Strongly Disagree,Strongly Disagree,Strongly Disagree,Strongly Disagree,Strongly Disagree,Neutral,Male,Veteran,Slightly Conservative,Independent,"Some college, no degree",Hispanic or Latino,55
2023-11-27 21:17:07,2023-11-27 21:21:28,IP Address,174.243.246.223,100,261,True,2023-11-27 21:21:29,R_3dzyKvFWOeplVgl,,,,,33.9225,-117.5472,anonymous,EN,5,2,50,80,0,5’2,126,Neutral,Strongly Agree,Strongly Disagree,Strongly Disagree,Strongly Agree,Strongly Agree,,,Strongly Disagree,Neutral,Neutral,Strongly Disagree,Strongly Agree,Strongly Agree,Strongly Agree,Strongly Agree,Female,No Military Experience,Liberal,Democrat,Did NOT graduate high school,Hispanic or Latino,73
2023-11-27 21:16:30,2023-11-27 21:22:28,IP Address,73.62.140.250,100,357,True,2023-11-27 21:22:28,R_3dMoAvkB5qZ0ojY,,,,,44.9509,-93.3366,anonymous,EN,7,6,80,225,0,64,130,Strongly Disagree,Strongly Disagree,Somewhat Disagree,Somewhat Disagree,Strongly Agree,Strongly Agree,Strongly Agree,Somewhat Agree,Strongly Disagree,Strongly Disagree,Somewhat Disagree,Strongly Disagree,Strongly Agree,Slightly Agree,Strongly Agree,Strongly Agree,Female,No Military Experience,Very Liberal,Democrat,Post Grad,White,73
2023-11-27 21:11:56,2023-11-27 21:24:24,IP Address,71.244.240.211,100,747,True,2023-11-27 21:24:25,R_3KJV7R0G8YX9u3x,,,,,39.1244,-76.495,anonymous,EN,,5,700,600,1,69,300,Strongly Agree,Strongly Agree,Strongly Agree,Strongly Agree,Neutral,Somewhat Disagree,Strongly Agree,Strongly Disagree,Strongly Agree,Strongly Agree,Strongly Agree,Strongly Agree,Strongly Disagree,Strongly Disagree,Strongly Agree,Strongly Disagree,Female,Active Duty,Very Liberal,Democrat,Post Grad,Black or African American,92
2023-11-27 21:13:33,2023-11-27 21:28:06,IP Address,35.151.9.140,100,873,True,2023-11-27 21:28:06,R_1LjlZ4aY1s1oLJ5,,,,,33.5098,-86.809,anonymous,EN,,3,150,250,20,62,115,Slightly Agree,Slightly Agree,Somewhat Agree,Strongly Agree,Somewhat Disagree,Slightly Agree,Neutral,Neutral,Strongly Disagree,Strongly Disagree,Somewhat Disagree,Strongly Disagree,Strongly Disagree,Strongly Agree,Strongly Agree,Strongly Agree,Male,Veteran,Moderate,,High school,Asian,76
2023-11-27 21:21:28,2023-11-27 21:28:25,IP Address,172.56.232.181,100,416,True,2023-11-27 21:28:25,R_3oGa10tNk4AjfMi,,,,,34.024,-118.1965,anonymous,EN,5,"5-7 days ",30lbs,90lbs,0,66,164,Somewhat Agree,Strongly Agree,Strongly Agree,Strongly Agree,Strongly Agree,Somewhat Agree,Strongly Agree,Somewhat Agree,Strongly Disagree,Neutral,Strongly Agree,Somewhat Agree,Neutral,Slightly Disagree,Somewhat Agree,Slightly Agree,Female,Veteran,Moderate,Democrat,4 year degree,Hispanic or Latino,103
2023-11-27 21:31:26,2023-11-27 21:35:05,IP Address,67.134.205.31,100,218,True,2023-11-27 21:35:06,R_2TyJLjwjMzCATfI,,,,,42.3737,-71.1284,anonymous,EN,6,4,125,110,1,77,200,Slightly Agree,Somewhat Agree,Strongly Agree,Strongly Agree,Strongly Agree,Slightly Agree,Slightly Disagree,Slightly Disagree,Strongly Disagree,Strongly Disagree,Somewhat Disagree,Strongly Disagree,Slightly Disagree,Slightly Agree,Strongly Agree,Somewhat Agree,Male,No Military Experience,Slightly Conservative,Independent,4 year degree,White,80
2023-11-27 21:36:32,2023-11-27 21:38:51,IP Address,65.112.8.18,100,139,True,2023-11-27 21:38:52,R_2EAeULlwHlcX33H,,,,,42.3737,-71.1284,anonymous,EN,1,0,0,0,0,63,120,Strongly Disagree,Strongly Disagree,Strongly Disagree,Strongly Disagree,Strongly Agree,Strongly Agree,Strongly Agree,Strongly Agree,Strongly Disagree,Strongly Disagree,Strongly Disagree,Strongly Disagree,Strongly Agree,Strongly Agree,Strongly Agree,Strongly Agree,Female,No Military Experience,Very Liberal,Democrat,"Some college, no degree",Black or African American,71
2023-11-27 21:45:52,2023-11-27 21:48:04,IP Address,67.134.205.29,100,132,True,2023-11-27 21:48:05,R_553vrYIphPJoQy5,,,,,42.3737,-71.1284,anonymous,EN,8,6,90,,8,66,120,Strongly Disagree,Strongly Disagree,Strongly Disagree,Strongly Disagree,Somewhat Agree,Strongly Agree,Strongly Agree,Strongly Agree,Strongly Disagree,Strongly Disagree,Somewhat Disagree,Strongly Disagree,Somewhat Agree,Somewhat Disagree,Strongly Agree,Strongly Agree,Female,No Military Experience,Moderate,Democrat,"Some college, no degree",White,67
2023-11-27 21:50:13,2023-11-27 21:54:42,IP Address,174.100.224.18,100,268,True,2023-11-27 21:54:42,R_1E0R69rAfp5wfev,,,,,39.9052,-82.9721,anonymous,EN,6,3,105,N/A,0,68,168,Strongly Disagree,Strongly Disagree,Strongly Disagree,Strongly Disagree,Strongly Agree,Strongly Agree,Strongly Agree,Strongly Agree,Strongly Disagree,Strongly Disagree,Strongly Disagree,Strongly Disagree,Strongly Agree,Strongly Agree,Strongly Agree,Strongly Agree,Female,Veteran,Liberal,,"Some college, no degree",White,73
2023-11-27 22:07:38,2023-11-27 22:11:40,IP Address,108.147.2.5,100,242,True,2023-11-27 22:11:41,R_OBY719Vmpqd82J3,,,,,37.5503,-77.3942,anonymous,EN,6,4,225,300,15,71,165,Strongly Agree,Slightly Disagree,Slightly Agree,Strongly Agree,Strongly Agree,Strongly Disagree,Strongly Disagree,Strongly Disagree,Strongly Disagree,Strongly Disagree,Slightly Agree,Strongly Disagree,Strongly Agree,Strongly Agree,Strongly Agree,Slightly Agree,Male,Veteran,Slightly Conservative,Independent,2 year degree,White,77
2023-11-27 22:42:11,2023-11-27 22:44:28,IP Address,204.116.12.203,100,136,True,2023-11-27 22:44:29,R_UYGzTc5LHja2W4N,,,,,34.6895,-77.3611,anonymous,EN,8,5,160,260,17,65,135,Somewhat Disagree,Slightly Disagree,Somewhat Disagree,Slightly Agree,Slightly Agree,Slightly Agree,Somewhat Agree,Slightly Agree,Strongly Disagree,Strongly Disagree,Somewhat Disagree,Strongly Disagree,Neutral,Slightly Agree,Somewhat Agree,Somewhat Agree,Female,Active Duty,Slightly Liberal,Independent,2 year degree,Hispanic or Latino,71
2023-11-27 22:51:19,2023-11-27 22:54:18,IP Address,76.130.237.87,100,179,True,2023-11-27 22:54:19,R_12cmEHC8wUcSX4C,,,,,39.7277,-104.9815,anonymous,EN,7,7,315,385,22,69,192,Somewhat Agree,Somewhat Disagree,Slightly Disagree,Neutral,Somewhat Agree,Somewhat Agree,Slightly Agree,Slightly Agree,Slightly Disagree,Strongly Disagree,Somewhat Agree,Somewhat Disagree,Somewhat Agree,Slightly Disagree,Strongly Agree,Slightly Disagree,Male,Active Duty,Moderate,Independent,Post Grad,White,81
2023-11-27 23:22:22,2023-11-27 23:25:11,IP Address,76.33.8.144,100,169,True,2023-11-27 23:25:12,R_2tnXHIPaY5ocH4f,,,,,33.1458,-117.3318,anonymous,EN,7,5,135,225,9,67,150,Slightly Agree,Strongly Disagree,Neutral,Somewhat Agree,Strongly Agree,Strongly Agree,Strongly Agree,Strongly Agree,Slightly Disagree,Strongly Disagree,Somewhat Disagree,Strongly Disagree,Strongly Agree,Somewhat Agree,Strongly Agree,Somewhat Agree,Female,Active Duty,Slightly Liberal,Independent,2 year degree,Hispanic or Latino,89
2023-11-27 23:43:23,2023-11-27 23:48:44,IP Address,203.105.74.24,100,321,True,2023-11-27 23:48:45,R_3HOgiyf3RsDZZAX,,,,,35.2847,139.6624,anonymous,EN,,5 days a week,230,295,19,71,195,Strongly Agree,Strongly Agree,Strongly Agree,Strongly Agree,Neutral,Slightly Agree,Strongly Disagree,Strongly Disagree,Neutral,Strongly Agree,Strongly Agree,Strongly Agree,Slightly Disagree,Slightly Agree,Slightly Disagree,Neutral,Male,Active Duty,Slightly Conservative,Independent,"Some college, no degree",White,90
2023-11-27 23:46:02,2023-11-27 23:51:55,IP Address,166.196.68.82,100,352,True,2023-11-27 23:51:55,R_QbPpcQyzrssjHAR,,,,,21.3571,-157.9258,anonymous,EN,5,"7 days ",115,185,0,66,158,Slightly Agree,Neutral,Slightly Disagree,Neutral,Strongly Agree,Slightly Disagree,Slightly Agree,Neutral,Slightly Agree,,,,Neutral,Slightly Disagree,Neutral,Neutral,Female,Active Duty,Very Conservative,Republican,High school,White,67
2023-11-27 23:49:33,2023-11-27 23:54:51,IP Address,67.181.169.173,100,317,True,2023-11-27 23:54:52,R_30oDqdsXIAxNK8s,,,,,38.581,-121.4939,anonymous,EN,6,5,80,225,5,66,150,Somewhat Disagree,Somewhat Disagree,Strongly Disagree,Slightly Agree,Strongly Agree,Slightly Agree,Strongly Agree,Neutral,Slightly Disagree,Slightly Disagree,Slightly Agree,Strongly Disagree,Strongly Agree,Strongly Agree,Strongly Agree,Somewhat Agree,Female,Veteran,Slightly Conservative,Independent,"Some college, no degree",Hispanic or Latino,85
2023-11-28 00:17:10,2023-11-28 00:21:10,IP Address,1.145.105.172,100,239,True,2023-11-28 00:21:11,R_tGPqawcFnPtGNKV,,,,,-33.8715,151.2006,anonymous,EN,7,7,240,400,16,5’11,160,Strongly Agree,Slightly Agree,Slightly Agree,Slightly Agree,Neutral,Slightly Disagree,Slightly Disagree,Slightly Disagree,Slightly Agree,Somewhat Agree,Somewhat Agree,Slightly Agree,Neutral,Slightly Disagree,Neutral,Slightly Disagree,Male,Active Duty,Moderate,Independent,Post Grad,White,84
2023-11-28 00:19:36,2023-11-28 00:28:18,IP Address,47.153.164.253,100,521,True,2023-11-28 00:28:18,R_2dKffeVFbXESSnh,,,,,33.6647,-117.9663,anonymous,EN,10,6,365,655,32,67,195,Somewhat Disagree,Somewhat Disagree,Somewhat Disagree,Somewhat Disagree,Strongly Agree,Strongly Agree,Strongly Agree,Somewhat Agree,Strongly Disagree,Somewhat Disagree,Slightly Agree,Slightly Disagree,Strongly Agree,Strongly Agree,Strongly Agree,Somewhat Agree,Male,Veteran,Slightly Liberal,Independent,"Some college, no degree",Hispanic or Latino,82
2023-11-28 01:23:20,2023-11-28 01:26:15,IP Address,173.169.205.255,100,174,True,2023-11-28 01:26:16,R_3K0FfLrD2yCvvIR,,,,,27.9247,-82.5105,anonymous,EN,9,4,385,617,26,5’7,200,Somewhat Disagree,Somewhat Disagree,Strongly Disagree,Somewhat Disagree,Strongly Agree,Somewhat Agree,Somewhat Agree,Slightly Agree,Strongly Disagree,Strongly Disagree,Somewhat Agree,Strongly Disagree,Somewhat Disagree,Strongly Agree,Strongly Agree,Strongly Agree,Male,Active Duty,Moderate,Independent,"Some college, no degree",Mixed,79
2023-11-28 10:04:12,2023-11-28 10:07:00,IP Address,174.194.98.21,100,168,True,2023-11-28 10:07:01,R_895qSD8OKLhygeZ,,,,,42.2645,-88.0034,anonymous,EN,7,5,245,405,12,72,190,,,,,,,,,Strongly Disagree,Strongly Disagree,Strongly Disagree,Strongly Disagree,Strongly Agree,Strongly Agree,Strongly Agree,Neutral,Male,Veteran,Moderate,Independent,4 year degree,White,40
2023-11-21 17:03:54,2023-11-21 17:06:22,IP Address,47.187.237.173,53,148,False,2023-11-28 17:06:25,R_3JjUCRUXKae6i2s,,,,,,,anonymous,EN,,,,,,,,Strongly Disagree,Strongly Disagree,Strongly Disagree,Strongly Disagree,Strongly Agree,Strongly Agree,Strongly Agree,Strongly Agree,Strongly Disagree,Strongly Disagree,Slightly Disagree,Strongly Disagree,Strongly Agree,Strongly Agree,Strongly Agree,Strongly Agree,Female,No Military Experience,Liberal,Democrat,"Some college, no degree",Hispanic or Latino,76
2023-11-28 20:58:34,2023-11-28 21:00:49,IP Address,73.132.67.240,100,135,True,2023-11-28 21:00:50,R_1dudzzU6XaO4qj4,,,,,38.93,-77.35,anonymous,EN,,7-10,Don’t know,Idk,10,"66 inches ",128,Strongly Disagree,,,,,,,,Somewhat Agree,Strongly Disagree,Strongly Disagree,Strongly Disagree,Strongly Agree,Strongly Agree,Strongly Agree,Strongly Agree,Female,Veteran,Liberal,Independent,Post Grad,White,50
2023-11-29 12:31:19,2023-11-29 12:35:51,IP Address,166.198.157.21,100,271,True,2023-11-29 12:35:52,R_3snWDfNR8Ur0mZU,,,,,28.5788,-81.4396,anonymous,EN,,7,315,415,28,73,212,Strongly Disagree,Somewhat Disagree,Strongly Disagree,Slightly Disagree,Strongly Agree,Somewhat Agree,Somewhat Agree,Somewhat Agree,Somewhat Disagree,Somewhat Disagree,Slightly Disagree,Strongly Disagree,Somewhat Agree,Somewhat Agree,Somewhat Agree,Somewhat Agree,Male,Veteran,Slightly Conservative,Republican,"Some college, no degree",White,74
2023-11-29 12:38:44,2023-11-29 12:41:40,IP Address,65.112.8.30,100,176,True,2023-11-29 12:41:41,R_yn1CjO5sAaEmATf,,,,,42.3737,-71.1284,anonymous,EN,,0,Idk,Idk,Idk,5’ 3”,125 lbs,Strongly Disagree,Strongly Agree,Strongly Disagree,Strongly Disagree,Strongly Agree,Strongly Agree,Strongly Agree,Strongly Agree,Strongly Disagree,Strongly Disagree,Strongly Disagree,Strongly Disagree,Strongly Disagree,Strongly Agree,Strongly Agree,Strongly Agree,Female,No Military Experience,Very Liberal,Democrat,"Some college, no degree",Asian,73
2023-11-29 12:44:20,2023-11-29 13:03:54,IP Address,76.83.161.251,100,1174,True,2023-11-29 13:03:55,R_21nW4BVF9e2vOMM,,,,,21.4254,-157.8138,anonymous,EN,7,5 days a week,120lbs,204lbs,9,58inches,118,Strongly Disagree,Strongly Disagree,Strongly Disagree,Neutral,Strongly Agree,Somewhat Agree,Strongly Agree,Neutral,Neutral,Strongly Disagree,Somewhat Agree,Somewhat Disagree,Somewhat Agree,Strongly Agree,Slightly Agree,Slightly Disagree,Female,Active Duty,Moderate,Independent,4 year degree,Hispanic or Latino,80
2023-11-29 16:10:25,2023-11-29 16:16:01,IP Address,3.133.131.157,100,335,True,2023-11-29 16:16:02,R_3iEXKakMDLaZW2u,,,,,39.9587,-82.9987,anonymous,EN,8,4,275,350,18,71,200,Somewhat Agree,Strongly Agree,Somewhat Disagree,Somewhat Agree,Strongly Agree,Strongly Agree,Strongly Agree,Strongly Agree,Somewhat Disagree,Somewhat Disagree,Strongly Disagree,Strongly Disagree,Somewhat Agree,Somewhat Disagree,Somewhat Agree,Strongly Disagree,Male,Active Duty,Moderate,Republican,High school,White,79
2023-11-29 16:36:02,2023-11-29 16:39:51,IP Address,76.39.21.110,100,229,True,2023-11-29 16:39:52,R_DCe7jOAfdGIqV8Z,,,,,21.4082,-157.7396,anonymous,EN,8,5,200,"345 ",20,70,200,Strongly Disagree,Strongly Agree,Strongly Disagree,Somewhat Disagree,Strongly Agree,Somewhat Agree,Strongly Agree,Somewhat Agree,Strongly Agree,Somewhat Disagree,Strongly Agree,Slightly Agree,Neutral,Somewhat Disagree,Somewhat Agree,Neutral,Male,Active Duty,Slightly Conservative,Republican,2 year degree,Hispanic or Latino,88
2023-11-29 19:41:42,2023-11-29 19:52:04,IP Address,166.199.151.94,100,622,True,2023-11-29 19:52:05,R_3oWQT5AuhQGrf44,,,,,34.0003,-118.2978,anonymous,EN,,3,260,300,5,72,240,Somewhat Agree,Somewhat Disagree,Somewhat Agree,Strongly Agree,Strongly Agree,Strongly Agree,Strongly Agree,Slightly Disagree,Slightly Agree,Slightly Disagree,Somewhat Disagree,Slightly Disagree,Strongly Agree,Strongly Agree,Strongly Disagree,Strongly Agree,Male,Veteran,Slightly Conservative,Republican,2 year degree,Hispanic or Latino,93
2023-11-30 01:39:12,2023-11-30 01:44:37,IP Address,172.5.194.187,100,324,True,2023-11-30 01:44:37,R_C7znZxDbTZqI7Dj,,,,,33.7908,-118.3248,anonymous,EN,8,6,250,400,20,69,140,Strongly Agree,Slightly Agree,Strongly Agree,Strongly Agree,Somewhat Disagree,Strongly Disagree,Strongly Disagree,Strongly Disagree,Strongly Agree,Neutral,Neutral,Neutral,Strongly Disagree,Slightly Disagree,Neutral,Somewhat Agree,Male,No Military Experience,Moderate,Republican,4 year degree,Mixed,80
2023-11-30 12:53:38,2023-11-30 12:56:22,IP Address,65.112.8.60,100,164,True,2023-11-30 12:56:24,R_278QMgEVj9M4aga,,,,,42.3737,-71.1284,anonymous,EN,5,2,85,225,0,64,150,Somewhat Disagree,Strongly Disagree,Somewhat Disagree,Slightly Disagree,Slightly Agree,Slightly Agree,Somewhat Agree,Slightly Agree,Strongly Disagree,Strongly Disagree,Somewhat Disagree,Strongly Disagree,Somewhat Agree,Neutral,Somewhat Agree,Slightly Agree,Female,No Military Experience,Liberal,Democrat,"Some college, no degree",White,63
2023-11-30 12:53:26,2023-11-30 12:57:32,IP Address,107.115.29.88,100,245,True,2023-11-30 12:57:32,R_2xK0vY5akp2aj7X,,,,,37.722,-122.1643,anonymous,EN,,5,315,405,24,70,160,Strongly Agree,Slightly Agree,Slightly Agree,Strongly Agree,Somewhat Disagree,Slightly Disagree,Somewhat Disagree,Strongly Disagree,Strongly Agree,Strongly Agree,Strongly Agree,Strongly Agree,Slightly Disagree,Strongly Disagree,Somewhat Disagree,Somewhat Disagree,Male,Veteran,Slightly Conservative,Independent,"Some college, no degree",Hispanic or Latino,80
2023-11-30 12:57:11,2023-11-30 13:02:23,IP Address,174.236.97.239,100,312,True,2023-11-30 13:02:24,R_2PnGYK7rzeihnVH,,,,,34.0121,-117.6883,anonymous,EN,10,5,255,475,23,69,200,Strongly Disagree,Strongly Disagree,Strongly Disagree,Strongly Disagree,Strongly Agree,Strongly Agree,Strongly Agree,Strongly Agree,Strongly Disagree,Somewhat Disagree,Somewhat Disagree,Strongly Disagree,Strongly Agree,Strongly Agree,Strongly Agree,Strongly Agree,Male,Active Duty,Slightly Conservative,Independent,"Some college, no degree",Hispanic or Latino,79
2023-11-30 13:00:39,2023-11-30 13:03:58,IP Address,8.28.22.23,100,199,True,2023-11-30 13:03:59,R_3h3c3Z1u3avMo3g,,,,,38.7783,-77.1219,anonymous,EN,9,6,385,405,26,73,265,Slightly Disagree,Somewhat Agree,Slightly Disagree,Somewhat Disagree,Strongly Agree,Slightly Agree,Strongly Agree,Somewhat Agree,Strongly Disagree,Strongly Disagree,Somewhat Disagree,Strongly Disagree,Strongly Agree,Slightly Agree,Strongly Agree,Strongly Agree,Male,Veteran,Moderate,Independent,Post Grad,White,82
2023-11-30 13:15:19,2023-11-30 13:19:08,IP Address,159.118.85.156,100,229,True,2023-11-30 13:19:09,R_3C00jE2UdCubBol,,,,,27.9084,-97.1497,anonymous,EN,9,5,315,425,20,70,190,Somewhat Disagree,Somewhat Agree,Somewhat Disagree,Slightly Disagree,Somewhat Agree,Neutral,Somewhat Agree,Somewhat Agree,Strongly Disagree,Somewhat Disagree,Slightly Disagree,Strongly Disagree,Somewhat Disagree,Somewhat Disagree,Strongly Agree,Neutral,Male,Veteran,Moderate,Independent,4 year degree,Mixed,74
2023-11-30 13:22:11,2023-11-30 13:24:44,IP Address,128.135.204.234,100,152,True,2023-11-30 13:24:45,R_21gjogWnfbLYWfs,,,,,41.7821,-87.6046,anonymous,EN,,"4 days normally, I just started College at a top school and have not had the time",305,490,8,73,220,,,,,,,,,,,,,,,,,,,,,,,
2023-11-30 13:23:49,2023-11-30 13:28:31,IP Address,174.202.2.34,100,282,True,2023-11-30 13:28:32,R_1TtwflakIjVSqeR,,,,,21.3513,-157.8725,anonymous,EN,7,5 Days,135lbs,295,15,64”,123lbs,Slightly Agree,Somewhat Agree,Slightly Disagree,Slightly Disagree,,,,,Somewhat Disagree,Strongly Disagree,Somewhat Agree,Strongly Disagree,Strongly Agree,Strongly Agree,Strongly Agree,Strongly Agree,Female,Active Duty,Slightly Conservative,Independent,"Some college, no degree",Asian,70
2023-11-30 13:47:57,2023-11-30 13:53:48,IP Address,72.132.81.174,100,351,True,2023-11-30 13:53:49,R_UgqcJqmBa30T5PH,,,,,33.7645,-116.3369,anonymous,EN,4,115,15,15,3,5,167,Strongly Disagree,Neutral,Strongly Disagree,Somewhat Disagree,Somewhat Disagree,Neutral,Strongly Agree,Slightly Agree,Strongly Agree,Somewhat Agree,Slightly Agree,Strongly Disagree,Slightly Disagree,Strongly Agree,Neutral,Strongly Agree,Female,No Military Experience,Slightly Conservative,Independent,High school,Hispanic or Latino,77
2023-11-30 14:06:55,2023-11-30 14:10:18,IP Address,73.232.216.176,100,203,True,2023-11-30 14:10:20,R_1KrM1tPeAwyKpN7,,,,,29.4729,-95.3494,anonymous,EN,,0,225,315,1,69,200,Strongly Agree,Somewhat Agree,Somewhat Disagree,Somewhat Agree,Strongly Agree,Somewhat Agree,Somewhat Agree,Slightly Agree,Strongly Disagree,Strongly Disagree,Slightly Disagree,Strongly Disagree,Strongly Agree,Strongly Agree,Strongly Agree,Somewhat Agree,Male,Veteran,Slightly Liberal,Independent,2 year degree,White,86
2023-11-30 14:16:05,2023-11-30 14:19:15,IP Address,174.243.248.19,100,189,True,2023-11-30 14:19:16,R_1n8fCw8rsm1BDCT,,,,,34.0062,-117.4432,anonymous,EN,6,4,275,375,23,71,180,Somewhat Disagree,Somewhat Disagree,Slightly Agree,Somewhat Agree,Strongly Agree,Slightly Disagree,Strongly Agree,Somewhat Disagree,Somewhat Disagree,Strongly Disagree,Strongly Disagree,Strongly Disagree,Somewhat Agree,Strongly Agree,Strongly Agree,Strongly Agree,Male,Active Duty,Moderate,Independent,2 year degree,White,77
2023-11-30 14:48:59,2023-11-30 14:53:42,IP Address,70.179.32.131,100,282,True,2023-11-30 14:53:43,R_cYJbuozWr4cqQmJ,,,,,33.2421,-117.3045,anonymous,EN,7,5,135,225,10,63,130,Slightly Agree,Strongly Disagree,Slightly Agree,Slightly Agree,Strongly Agree,Strongly Agree,Strongly Agree,Strongly Agree,Strongly Disagree,Strongly Disagree,Strongly Disagree,Strongly Disagree,Strongly Agree,Strongly Agree,Strongly Agree,Strongly Agree,Female,Active Duty,Liberal,Independent,"Some college, no degree",White,86
2023-11-30 15:00:46,2023-11-30 15:07:51,IP Address,65.33.216.57,100,425,True,2023-11-30 15:07:52,R_1IozhVP4R8y7RXL,,,,,27.7152,-82.3513,anonymous,EN,8,5,100 lbs,125,0,5’6,200,Somewhat Disagree,Somewhat Disagree,Strongly Disagree,Neutral,Strongly Agree,Strongly Agree,Strongly Agree,Strongly Agree,Strongly Disagree,Strongly Disagree,Strongly Disagree,Strongly Disagree,Strongly Agree,Strongly Agree,Strongly Agree,Neutral,Female,Active Duty,Very Conservative,Republican,Post Grad,White,82
2023-11-30 15:19:03,2023-11-30 15:24:15,IP Address,174.210.120.100,100,312,True,2023-11-30 15:24:16,R_0GTGQImdZA3cIEh,,,,,33.9449,-117.3834,anonymous,EN,7,5,No idea,NA,Na,63,150,Somewhat Disagree,Strongly Disagree,Somewhat Disagree,Somewhat Agree,Somewhat Agree,Somewhat Agree,Somewhat Agree,Somewhat Agree,Somewhat Disagree,Somewhat Agree,Strongly Agree,Somewhat Agree,Somewhat Agree,Somewhat Agree,Strongly Agree,Slightly Agree,Female,No Military Experience,Liberal,Democrat,Post Grad,White,91
2023-11-30 18:55:58,2023-11-30 19:00:02,IP Address,207.182.83.158,100,244,True,2023-11-30 19:00:03,R_3HIeobypxd6KDgH,,,,,32.4301,-80.6694,anonymous,EN,8,6,335,505,23,60,216,Slightly Agree,Slightly Agree,Somewhat Agree,Slightly Agree,Slightly Agree,Somewhat Agree,Strongly Agree,Neutral,Somewhat Agree,Somewhat Agree,Strongly Agree,Strongly Agree,Neutral,Neutral,Strongly Agree,Neutral,Male,Active Duty,Moderate,Independent,"Some college, no degree",White,98
2023-11-30 19:12:02,2023-11-30 19:17:22,IP Address,67.166.8.113,100,319,True,2023-11-30 19:17:22,R_3F58WfIU0GzW0AW,,,,,39.6562,-104.7866,anonymous,EN,7,4,285,400,23,65,190,Strongly Agree,Strongly Agree,Strongly Agree,Strongly Agree,Strongly Agree,Neutral,Neutral,Slightly Disagree,Neutral,Slightly Agree,Slightly Agree,Slightly Disagree,Slightly Disagree,Slightly Disagree,Strongly Agree,Neutral,Male,Veteran,Moderate,Independent,"Some college, no degree",White,89
2023-11-30 19:54:45,2023-11-30 19:58:38,IP Address,166.196.68.28,100,233,True,2023-11-30 19:58:38,R_3qVdsPDZ0jEk1Dg,,,,,21.3266,-157.8621,anonymous,EN,,5,250,325,23,66,160,Somewhat Disagree,Strongly Disagree,Somewhat Disagree,Slightly Disagree,Strongly Agree,Somewhat Disagree,Somewhat Agree,Somewhat Agree,Somewhat Disagree,Strongly Disagree,Somewhat Disagree,Strongly Disagree,Strongly Agree,Strongly Agree,Somewhat Agree,Somewhat Agree,Male,Active Duty,Slightly Conservative,Independent,4 year degree,Hispanic or Latino,76
2023-12-01 00:46:43,2023-12-01 00:49:32,IP Address,108.68.146.71,100,169,True,2023-12-01 00:49:33,R_DSSA4rQ6oPXHOMx,,,,,25.4572,-80.4587,anonymous,EN,5,,,,,,,Somewhat Disagree,Strongly Disagree,Strongly Disagree,Neutral,Somewhat Agree,Somewhat Agree,Somewhat Agree,Slightly Agree,Strongly Disagree,Somewhat Disagree,Slightly Disagree,Somewhat Disagree,Neutral,Somewhat Agree,Somewhat Agree,Neutral,Male,Veteran,Slightly Liberal,Independent,"Some college, no degree",White,66
2023-12-01 03:49:39,2023-12-01 03:53:24,IP Address,108.147.173.93,100,225,True,2023-12-01 03:53:25,R_1E4D9Kdamq1DgMa,,,,,33.4475,-112.0866,anonymous,EN,8,8,255,455,25,73,200,Somewhat Agree,Strongly Agree,Strongly Agree,Strongly Agree,Neutral,Slightly Disagree,Somewhat Disagree,Somewhat Disagree,Strongly Disagree,Somewhat Agree,Strongly Agree,Somewhat Disagree,Strongly Agree,Slightly Agree,Strongly Agree,Slightly Disagree,Male,Active Duty,Slightly Conservative,Republican,"Some college, no degree",Mixed,93
2023-12-01 06:02:04,2023-12-01 06:05:13,IP Address,96.19.141.58,100,188,True,2023-12-01 06:05:13,R_2XjMONlrdmrgKOv,,,,,30.4105,-88.8963,anonymous,EN,8,4,270,400,20,69,197,Slightly Agree,Slightly Agree,Slightly Agree,Slightly Agree,Strongly Agree,Slightly Disagree,Slightly Agree,Somewhat Disagree,Somewhat Disagree,Somewhat Disagree,Strongly Disagree,Strongly Disagree,Somewhat Disagree,Somewhat Disagree,Somewhat Agree,Neutral,Male,Veteran,Slightly Conservative,Republican,2 year degree,White,68
2023-12-01 06:16:58,2023-12-01 06:21:32,IP Address,71.179.84.111,100,274,True,2023-12-01 06:21:33,R_PtHDtHpHKEMbMxr,,,,,39.1244,-76.495,anonymous,EN,5,0,"No idea, but not much","No idea, but very little",0.  I've never been able to do 1,72,230,Somewhat Disagree,Slightly Agree,Slightly Disagree,Neutral,Strongly Agree,Neutral,Slightly Agree,Slightly Agree,Slightly Agree,Slightly Disagree,Somewhat Disagree,Slightly Disagree,Somewhat Agree,Strongly Agree,Strongly Agree,Somewhat Agree,Male,No Military Experience,Moderate,Independent,Post Grad,White,85
2023-12-01 06:24:33,2023-12-01 06:27:47,IP Address,85.253.31.26,100,194,True,2023-12-01 06:27:48,R_2eXpD3qW75PsMVs,,,,,59.4381,24.7369,anonymous,EN,6,4,185,275,6,67,172,Somewhat Disagree,Strongly Disagree,Slightly Disagree,Neutral,Strongly Agree,Slightly Agree,Strongly Agree,Slightly Disagree,Strongly Disagree,Strongly Disagree,Strongly Disagree,Strongly Disagree,Strongly Agree,Strongly Agree,Strongly Agree,Strongly Agree,Male,Veteran,Moderate,Democrat,Post Grad,White,76
2023-12-01 06:40:11,2023-12-01 06:41:46,IP Address,107.122.189.32,100,94,True,2023-12-01 06:41:46,R_1if07Vn7ig2K4b3,,,,,38.8924,-77.0757,anonymous,EN,,4,200,315,5,68,175,,,,,,,,,Strongly Disagree,Strongly Disagree,Strongly Disagree,Strongly Disagree,Strongly Agree,Strongly Agree,Strongly Agree,Strongly Agree,Male,Veteran,Slightly Conservative,Republican,Post Grad,White,45
2023-12-01 06:51:10,2023-12-01 06:53:28,IP Address,73.191.53.223,100,138,True,2023-12-01 06:53:29,R_3hmzvBikSWy8jKU,,,,,39.2645,-76.6224,anonymous,EN,5,5,.,.,0,68,140,Strongly Disagree,Strongly Disagree,Strongly Disagree,Slightly Disagree,Strongly Agree,Strongly Agree,Strongly Agree,Strongly Agree,Strongly Disagree,Strongly Disagree,Slightly Disagree,Strongly Disagree,Strongly Agree,Strongly Agree,Strongly Agree,Strongly Agree,Female,Veteran,Very Liberal,Democrat,4 year degree,White,77
2023-12-01 06:53:18,2023-12-01 06:57:22,IP Address,100.16.105.98,100,243,True,2023-12-01 06:57:23,R_3imx6S8ipHcBabz,,,,,38.918,-76.5361,anonymous,EN,5,3,105,175,0,66,170,Somewhat Disagree,Strongly Disagree,Strongly Disagree,Somewhat Disagree,Strongly Agree,Strongly Agree,Somewhat Agree,Strongly Agree,Strongly Disagree,Strongly Disagree,Somewhat Disagree,Strongly Disagree,Strongly Agree,Strongly Agree,Strongly Disagree,Strongly Agree,Female,Active Duty,Liberal,Democrat,Post Grad,White,73
2023-12-01 07:03:01,2023-12-01 07:08:55,IP Address,75.68.124.15,100,353,True,2023-12-01 07:08:56,R_OBihEVpdjXAUOdP,,,,,42.8674,-71.3793,anonymous,EN,5,5,?,?,?,6,200,Somewhat Disagree,Somewhat Disagree,Strongly Disagree,Slightly Agree,Somewhat Agree,Somewhat Agree,Strongly Agree,Slightly Agree,Strongly Disagree,Strongly Disagree,Somewhat Disagree,Strongly Disagree,Strongly Agree,Strongly Agree,Strongly Agree,Strongly Agree,Male,Veteran,Moderate,Independent,Post Grad,White,79
2023-12-01 07:16:47,2023-12-01 07:20:20,IP Address,57.140.16.43,100,213,True,2023-12-01 07:20:21,R_a05c2Zh2oR03FHH,,,,,37.751,-97.822,anonymous,EN,6,4,235,415,8,"5'11""",228,Strongly Agree,Strongly Agree,Strongly Agree,Somewhat Agree,Somewhat Agree,Slightly Agree,Somewhat Agree,Slightly Agree,Somewhat Agree,Somewhat Agree,Strongly Agree,Slightly Disagree,Slightly Agree,Strongly Agree,Strongly Agree,Strongly Agree,Male,Veteran,Moderate,Independent,4 year degree,White,108
2023-12-01 07:31:05,2023-12-01 07:33:25,IP Address,72.184.5.201,100,140,True,2023-12-01 07:33:26,R_u9z0HjlElfh72Gl,,,,,27.9032,-82.2911,anonymous,EN,4,4,305,535,12,73,230,Strongly Disagree,Strongly Disagree,Strongly Disagree,Strongly Disagree,Strongly Disagree,Strongly Agree,Strongly Agree,Strongly Agree,Strongly Disagree,Strongly Disagree,Strongly Disagree,Strongly Disagree,Strongly Agree,Strongly Agree,Strongly Agree,Strongly Agree,Male,Veteran,Very Liberal,Democrat,4 year degree,White,66
2023-12-01 07:28:24,2023-12-01 07:34:21,IP Address,131.106.181.23,100,356,True,2023-12-01 07:34:22,R_3hG7wO2dzrLqbvP,,,,,39.1695,-76.5841,anonymous,EN,7,5,Unknown,Unknown,25,69,190,Neutral,Slightly Agree,Slightly Agree,Slightly Agree,Strongly Agree,Strongly Agree,Strongly Agree,Strongly Disagree,Strongly Disagree,Strongly Disagree,Strongly Disagree,Strongly Disagree,Neutral,Somewhat Disagree,Slightly Agree,Slightly Disagree,Male,Veteran,Moderate,Independent,4 year degree,White,70
2023-12-01 07:46:42,2023-12-01 07:49:46,IP Address,72.179.181.7,100,183,True,2023-12-01 07:49:47,R_1rjpLed6Q5R7BAB,,,,,29.522,-98.5974,anonymous,EN,4,3,20,60,1,68,190,Strongly Agree,Strongly Disagree,Strongly Disagree,Strongly Disagree,Somewhat Agree,Somewhat Agree,Strongly Agree,Strongly Agree,Strongly Disagree,Strongly Disagree,Strongly Disagree,Strongly Disagree,Strongly Agree,Strongly Agree,Strongly Agree,Strongly Agree,Male,Active Duty,Very Liberal,Independent,High school,Black or African American,75
2023-12-01 07:44:53,2023-12-01 07:51:18,IP Address,172.56.64.245,100,384,True,2023-12-01 07:51:19,R_2QEUVxAbFFuZbPC,,,,,33.7485,-84.3871,anonymous,EN,6,5,?,?,?,74,228,Neutral,Slightly Agree,Slightly Disagree,Somewhat Agree,Somewhat Agree,Somewhat Agree,Slightly Disagree,Neutral,Strongly Disagree,Somewhat Disagree,Neutral,Neutral,Neutral,Strongly Agree,Neutral,Neutral,Male,Veteran,Moderate,Independent,Post Grad,White,79
2023-12-01 08:17:38,2023-12-01 08:21:29,IP Address,174.179.19.41,100,231,True,2023-12-01 08:21:30,R_W6C3kbaij3wEAfL,,,,,38.9301,-78.1887,anonymous,EN,7,5,385,405,20,71,245,Slightly Agree,Slightly Agree,Slightly Agree,Somewhat Agree,Strongly Agree,Strongly Agree,Strongly Agree,Somewhat Agree,Slightly Disagree,Strongly Disagree,Slightly Agree,Somewhat Disagree,Somewhat Disagree,Neutral,Strongly Agree,Slightly Agree,Male,Veteran,Moderate,Independent,"Some college, no degree",White,86
2023-12-01 09:18:36,2023-12-01 09:22:33,IP Address,172.59.224.54,100,237,True,2023-12-01 09:22:34,R_2ZIGyGEsg229m7l,,,,,39.696,-105.0346,anonymous,EN,,5,70,150,3,62,140,Somewhat Disagree,Strongly Agree,Somewhat Disagree,Somewhat Disagree,Strongly Agree,Strongly Agree,Strongly Agree,Strongly Agree,Strongly Disagree,Somewhat Disagree,Neutral,Strongly Disagree,Somewhat Agree,Neutral,Strongly Agree,Strongly Agree,Female,No Military Experience,Moderate,Independent,4 year degree,White,84
2023-12-01 10:00:29,2023-12-01 10:11:01,IP Address,96.255.41.180,100,632,True,2023-12-01 10:11:02,R_5hBt81picQuwzLP,,,,,38.719,-77.1067,anonymous,EN,10,6,260,280,16,67,210,Slightly Disagree,Strongly Agree,Slightly Disagree,Slightly Agree,Neutral,Slightly Agree,Strongly Agree,Slightly Agree,Slightly Agree,Slightly Disagree,Neutral,Slightly Disagree,Somewhat Agree,Strongly Agree,Somewhat Agree,Somewhat Agree,Male,Active Duty,Slightly Liberal,Democrat,4 year degree,Hispanic or Latino,91
2023-12-01 10:07:07,2023-12-01 10:12:17,IP Address,166.198.28.97,100,310,True,2023-12-01 10:12:19,R_3iUaGutHtnvTn0i,,,,,35.4662,-97.5168,anonymous,EN,,5,275,585,15,71,205,Strongly Agree,Strongly Agree,Strongly Agree,Strongly Agree,Strongly Agree,Strongly Disagree,Strongly Agree,Strongly Disagree,Strongly Disagree,Somewhat Disagree,Somewhat Agree,Strongly Disagree,Strongly Agree,Strongly Agree,Strongly Agree,Strongly Agree,Male,Veteran,Slightly Conservative,Independent,Post Grad,Other,102
2023-12-01 10:43:23,2023-12-01 10:47:57,IP Address,99.115.30.227,100,273,True,2023-12-01 10:47:57,R_1CevebqvCGThMUy,,,,,34.8287,-86.8889,anonymous,EN,8,3,225,225,10,74,250,Somewhat Disagree,Somewhat Disagree,Somewhat Disagree,Neutral,Slightly Agree,Slightly Agree,Somewhat Agree,Slightly Agree,Strongly Disagree,Strongly Disagree,Somewhat Disagree,Strongly Disagree,Somewhat Agree,Strongly Agree,Strongly Agree,Strongly Agree,Male,Veteran,Liberal,Democrat,4 year degree,White,73
2023-12-01 10:45:30,2023-12-01 10:50:26,IP Address,98.97.42.58,100,295,True,2023-12-01 10:50:26,R_2SIHO2HVv3GM1PE,,,,,47.6034,-122.3414,anonymous,EN,5,5,120,Dont do this type of activity,Do do this type of activity,67,235,Neutral,Strongly Disagree,Strongly Disagree,Neutral,Somewhat Agree,Strongly Disagree,Somewhat Agree,Strongly Agree,Strongly Disagree,Strongly Disagree,Strongly Disagree,Strongly Disagree,Strongly Agree,Strongly Agree,Strongly Agree,,Male,Veteran,Moderate,,Post Grad,White,67
2023-12-01 10:44:51,2023-12-01 10:52:01,IP Address,166.196.68.2,100,430,True,2023-12-01 10:52:02,R_1fjYgZlxJRsQN71,,,,,21.3266,-157.8621,anonymous,EN,7,5,265,405,28,68,165,Somewhat Disagree,Strongly Agree,Strongly Agree,Strongly Agree,Strongly Agree,Strongly Disagree,Strongly Agree,Strongly Disagree,Strongly Agree,Somewhat Agree,Somewhat Agree,Strongly Disagree,Strongly Agree,Strongly Agree,Strongly Agree,Strongly Agree,Male,Active Duty,Slightly Conservative,Republican,"Some college, no degree",White,98
2023-12-01 11:29:12,2023-12-01 11:33:16,IP Address,172.56.69.102,100,243,True,2023-12-01 11:33:16,R_1ZCy3ii7GNZ6mnn,,,,,33.7485,-84.3871,anonymous,EN,8,5,?,?,6,65,140,Strongly Disagree,Strongly Disagree,Strongly Disagree,Slightly Disagree,Strongly Agree,Strongly Agree,Strongly Agree,Strongly Agree,Strongly Disagree,Strongly Disagree,Strongly Disagree,Strongly Disagree,Strongly Agree,Strongly Agree,Strongly Agree,Strongly Agree,Female,Veteran,Very Liberal,Independent,2 year degree,White,74
2023-12-01 19:11:15,2023-12-01 19:13:54,IP Address,173.69.193.198,100,158,True,2023-12-01 19:13:55,R_ZLiaLhcxrpLw6KR,,,,,39.1244,-76.495,anonymous,EN,4,2,180,180,12,67,155,Slightly Disagree,Somewhat Disagree,Slightly Disagree,Neutral,Somewhat Agree,Slightly Agree,Slightly Agree,Neutral,Neutral,Slightly Disagree,Slightly Disagree,Strongly Disagree,Slightly Agree,Somewhat Agree,Slightly Agree,Somewhat Agree,Male,Veteran,Moderate,Democrat,4 year degree,Asian,79
2023-12-01 19:38:56,2023-12-01 20:22:53,IP Address,68.40.187.44,100,2637,True,2023-12-01 20:22:54,R_2f81ibEVUEa404q,,,,,42.2807,-83.7801,anonymous,EN,5,5,225,330,13,77,245,Strongly Agree,Strongly Agree,Strongly Agree,Strongly Agree,Strongly Agree,Strongly Agree,Strongly Agree,Strongly Disagree,Strongly Disagree,Strongly Disagree,Strongly Disagree,Strongly Disagree,Neutral,Strongly Agree,Strongly Agree,Strongly Agree,Male,Veteran,Liberal,Democrat,4 year degree,White,89
2023-12-01 21:31:59,2023-12-01 21:36:03,IP Address,162.231.127.254,100,243,True,2023-12-01 21:36:04,R_2ZWV6irqvwHwwrJ,,,,,33.4485,-82.2011,anonymous,EN,,5,260,365,28,71,172,Slightly Agree,Somewhat Agree,Strongly Agree,Strongly Agree,Strongly Agree,Somewhat Disagree,Neutral,Somewhat Disagree,Strongly Disagree,Somewhat Agree,Neutral,Somewhat Agree,Slightly Disagree,Neutral,Strongly Agree,Neutral,Male,Active Duty,Moderate,Independent,Post Grad,Other,95
2023-12-02 18:19:37,2023-12-02 18:23:53,IP Address,208.93.185.19,100,255,True,2023-12-02 18:23:54,R_2D1DlZFTXkqcWjk,,,,,41.0942,-82.3901,anonymous,EN,,7,90,110,5,68,180,Neutral,Neutral,Neutral,Neutral,Strongly Agree,Neutral,Strongly Agree,Neutral,Neutral,Neutral,Neutral,Neutral,Neutral,Neutral,Neutral,Neutral,Female,Veteran,Slightly Conservative,Republican,2 year degree,White,82
2023-12-02 18:46:51,2023-12-02 18:50:58,IP Address,69.104.54.199,100,246,True,2023-12-02 18:50:59,R_1JUs5VFuvxdnYqu,,,,,34.157,-77.9136,anonymous,EN,7,5,I don't bench,I don't Deadlift,6,5'4,200,Neutral,Somewhat Disagree,Neutral,Neutral,Strongly Agree,Strongly Agree,Strongly Agree,Neutral,Strongly Disagree,Somewhat Disagree,Somewhat Disagree,Strongly Disagree,Strongly Agree,Somewhat Agree,Strongly Agree,Somewhat Agree,Female,Veteran,Slightly Liberal,Independent,4 year degree,Other,88
2023-12-02 19:38:19,2023-12-02 19:41:26,IP Address,174.202.5.88,100,186,True,2023-12-02 19:41:27,R_1C1KTNOshEkbnMM,,,,,21.3266,-157.8621,anonymous,EN,,7,225,315,21,71,190,Strongly Agree,Strongly Agree,Strongly Agree,Strongly Agree,Strongly Agree,Somewhat Agree,Somewhat Disagree,Strongly Disagree,Slightly Agree,Slightly Agree,Somewhat Agree,Slightly Agree,Somewhat Disagree,Slightly Disagree,Somewhat Agree,Somewhat Disagree,Male,Active Duty,Liberal,Independent,2 year degree,White,88
2023-12-02 19:53:34,2023-12-02 20:00:02,IP Address,35.145.222.44,100,388,True,2023-12-02 20:00:04,R_3CQ2PnwPsivo05G,,,,,28.0331,-81.9391,anonymous,EN,5,7,Dont know,70 yrs old dont do this,0,"5'3""",130,Strongly Disagree,Somewhat Disagree,Somewhat Agree,Somewhat Agree,Neutral,Slightly Disagree,Slightly Disagree,Somewhat Disagree,Strongly Disagree,Strongly Disagree,Strongly Disagree,Strongly Disagree,Slightly Disagree,Strongly Agree,Strongly Agree,Somewhat Agree,Female,No Military Experience,Moderate,Independent,2 year degree,White,64
2023-12-03 11:25:23,2023-12-03 11:29:51,IP Address,108.194.181.117,100,268,True,2023-12-03 11:29:52,R_1d527BH7GOMp90E,,,,,41.1231,-81.5666,anonymous,EN,7,7,150,300,2,65,185,Neutral,Strongly Agree,Slightly Agree,Strongly Agree,Somewhat Agree,Slightly Agree,Somewhat Disagree,Neutral,Somewhat Agree,Somewhat Agree,Somewhat Agree,Strongly Agree,Neutral,Neutral,Somewhat Disagree,Neutral,Female,Veteran,Slightly Conservative,Republican,4 year degree,White,92
2023-12-03 22:47:13,2023-12-03 22:50:43,IP Address,75.241.78.64,100,209,True,2023-12-03 22:50:43,R_1ONrmlyOLC9niTR,,,,,39.2645,-76.6224,anonymous,EN,9,5,255,415,12,72,230,Strongly Disagree,Strongly Disagree,Strongly Disagree,Strongly Disagree,Strongly Agree,Somewhat Agree,Strongly Agree,Somewhat Agree,Strongly Disagree,Strongly Disagree,Strongly Disagree,Strongly Disagree,Strongly Agree,Strongly Agree,Strongly Agree,Strongly Agree,Male,Active Duty,Liberal,Independent,4 year degree,White,73
